{"cameraMode":{"drawMode":0,"name":"Shaded","section":"Shading Mode"},"sceneLighting":false,"audioPlay":false,"sceneViewState":{"showFog":true,"showMaterialUpdate":false,"showSkybox":true,"showFlares":true,"showImageEffects":true,"showParticleSystems":true},"in2DMode":false,"pivot":{"x":145.1484375,"y":1.92431640625,"z":171.4500732421875},"rotation":{"x":0.101808562874794,"y":0.7297446131706238,"z":-0.11140996962785721,"w":0.6668550372123718},"size":128.13551330566407,"orthographic":true}