{"cameraMode":{"drawMode":0,"name":"Shaded","section":"Shading Mode"},"sceneLighting":false,"audioPlay":false,"sceneViewState":{"showFog":true,"showMaterialUpdate":false,"showSkybox":true,"showFlares":true,"showImageEffects":true,"showParticleSystems":true},"in2DMode":false,"pivot":{"x":-4.172325134277344e-7,"y":0.25751763582229617,"z":0.04566240310668945},"rotation":{"x":0.1018085777759552,"y":0.7297446727752686,"z":-0.1114099845290184,"w":0.6668550968170166},"size":6.2675275802612309,"orthographic":true}